{"loss": [1.650460145072937, 1.1615830636978148, 1.0109912789047664], "val_accuracy": [0.552299976348877, 0.6797999739646912], "val_loss": [1.3011652351379395, 0.9126256889343262], "accuracy": [0.4539400041103363, 0.5997400283813477, 0.6459911465644836]}