{"loss": [1.6913805256652832, 1.2093133530807496, 1.0019188095855713, 0.8922085022354126, 0.8053086250495911, 0.736882566242218, 0.6854405298233032, 0.6349678168487549, 0.6002002379894257, 0.5572492842483521, 0.5243091322135925, 0.4974121101570129, 0.4635881617736816, 0.4428974122428894, 0.4180559459400177, 0.3942365581703186, 0.37336760566711424, 0.3561571188545227, 0.3390947819900513, 0.3290704524278641, 0.31037371623039245, 0.29713299060821535, 0.28383026863098143, 0.27656371956825254, 0.26868497948646547, 0.25203586214065554, 0.2493942131137848, 0.2378564827299118, 0.225158514084816, 0.22398219426631927, 0.21719881268501282, 0.2079568790102005, 0.19800381662607194, 0.19456701494693757, 0.19549072326660155, 0.19202346017360689, 0.17940441196084023, 0.18238939621925354, 0.17164953218460083, 0.17126695491790772, 0.1624848199033737, 0.16011902287960053, 0.1588852687907219, 0.15162873338222504, 0.1523624899339676, 0.18040031251907349, 0.15041351186037064, 0.1511177185702324, 0.14175025376081465, 0.14310524655342102, 0.13853644455194472, 0.1357796554350853, 0.13093542965888977, 0.13152180771112443, 0.13037153613984584, 0.12384470558404923, 0.1272224893951416, 0.12468819944858552, 0.11954974485099315, 0.11571624280810357, 0.11024742619991303, 0.11654048424333334, 0.11351243154048919, 0.11419850190281867, 0.11336135178565979, 0.10889008404731751, 0.10586169935941696, 0.10874589897215366, 0.10190123355686664, 0.10189339226841927, 0.10191118310809136, 0.10045040849328041, 0.1005562611758709, 0.09566983092546463, 0.09424692946016788, 0.09556206214785576, 0.09631527164697647, 0.09836441650032997, 0.09259531169652939, 0.0885411331653595, 0.09519539867341519, 0.08887833107709885, 0.0871577814257145, 0.08600332046508789, 0.0870607243257761, 0.08544236689388753, 0.08536485951185227, 0.08332131525099278, 0.08109369405090809, 0.0882644621270895, 0.0835152334702015, 0.08241782941222191, 0.08001801562719046, 0.0818001651275158, 0.07744565396428109, 0.07562247453212738, 0.07360409268021584, 0.07788878271251917, 0.07638804565727711, 0.07949505846261978], "val_accuracy": [0.49470001459121704, 0.6560999751091003, 0.6933000087738037, 0.741599977016449, 0.736299991607666, 0.7299000024795532, 0.760200023651123, 0.7849000096321106, 0.7918999791145325, 0.7912999987602234, 0.7883999943733215, 0.7835000157356262, 0.7878999710083008, 0.7912999987602234, 0.784600019454956, 0.8101999759674072, 0.8174999952316284, 0.8158000111579895, 0.8086000084877014, 0.8051000237464905, 0.8119999766349792, 0.8093000054359436, 0.8237000107765198, 0.8233000040054321, 0.804099977016449, 0.8206999897956848, 0.8172000050544739, 0.8075000047683716, 0.8217999935150146, 0.8224999904632568, 0.8273000121116638, 0.819599986076355, 0.8245000243186951, 0.8263999819755554, 0.8253999948501587, 0.8227999806404114, 0.8277999758720398, 0.8256999850273132, 0.8296999931335449, 0.8277999758720398, 0.829800009727478, 0.8259999752044678, 0.8255000114440918, 0.8320000171661377, 0.7705000042915344, 0.8296999931335449, 0.8267999887466431, 0.8252000212669373, 0.8289999961853027, 0.8264999985694885, 0.8252000212669373, 0.8317999839782715, 0.824999988079071, 0.8327000141143799, 0.8339999914169312, 0.8291000127792358, 0.8325999975204468, 0.8309000134468079, 0.8356000185012817, 0.8325999975204468, 0.8331999778747559, 0.8352000117301941, 0.8317999839782715, 0.8346999883651733, 0.8339999914169312, 0.8305000066757202, 0.8335000276565552, 0.8317999839782715, 0.8287000060081482, 0.8307999968528748, 0.8300999999046326, 0.8278999924659729, 0.8317000269889832, 0.8374999761581421, 0.8360000252723694, 0.8309999704360962, 0.8319000005722046, 0.8299999833106995, 0.8389999866485596, 0.8381999731063843, 0.8385999798774719, 0.8309999704360962, 0.8375999927520752, 0.8342000246047974, 0.8374999761581421, 0.8363000154495239, 0.8371999859809875, 0.839900016784668, 0.8327999711036682, 0.8382999897003174, 0.8342000246047974, 0.836899995803833, 0.8345999717712402, 0.8355000019073486, 0.8392000198364258, 0.8375999927520752, 0.8338000178337097, 0.8256999850273132, 0.8352000117301941, 0.8389999866485596], "val_loss": [1.5502602642059327, 0.9868594966888428, 0.8726691146850586, 0.7485711009979248, 0.73775553150177, 0.7988104536056518, 0.6929868246078491, 0.6394863977432251, 0.6128265027999877, 0.6246427854061126, 0.6251889602184295, 0.6529758903980255, 0.6363103954315186, 0.6342971673965454, 0.668426647567749, 0.5826338017463684, 0.5643764310836792, 0.5729046866416931, 0.5900553373336792, 0.6216450526237488, 0.5963097127914428, 0.636363516998291, 0.5569701957702636, 0.5719577223777771, 0.6468229241371155, 0.6015582064628601, 0.6279028910636902, 0.6462742790222168, 0.6161104186058044, 0.600687630367279, 0.6032166612625122, 0.6111218828201294, 0.592085855960846, 0.6120261283874512, 0.5823332405090332, 0.6417126984119416, 0.5946510448455811, 0.6012648913860321, 0.5960032464504242, 0.6069053762435913, 0.5757074701309204, 0.6387169369220733, 0.6368464766979217, 0.6274507797241211, 0.8727117011070251, 0.6192606588363647, 0.6352548194885254, 0.617508480644226, 0.6308826456546783, 0.6378880146980286, 0.6410167290687561, 0.6175326071262359, 0.660960739326477, 0.6327889025688171, 0.628211940574646, 0.6335996024131775, 0.6137580948829651, 0.6335268651485443, 0.6102706371307373, 0.6454220093727112, 0.631731075000763, 0.6353803189754486, 0.6464838215351105, 0.6292852877616882, 0.6364121397018433, 0.6770772207260132, 0.6581427335739136, 0.6302488685131074, 0.6646809485435485, 0.6666425518035889, 0.6828572740554809, 0.6684522624015808, 0.6393067453861236, 0.6395081406593323, 0.6489511526107788, 0.6627749672889709, 0.6760165306568146, 0.6888039491653443, 0.6680151852607727, 0.6548653423309326, 0.6634846523761749, 0.6664608432292938, 0.6695981894493103, 0.6710722701072693, 0.657655968761444, 0.6873590733528138, 0.6601156711578369, 0.650796940946579, 0.6690770320892334, 0.6598573029518128, 0.6858276075839996, 0.6773744181632996, 0.6698138356208801, 0.6918385556221008, 0.6838208031177521, 0.6589342940330505, 0.6880999621391296, 0.7271798466682434, 0.7149775182723999, 0.7009853716850281],